seen_date,title,domain,source_country,source,url,escalation_score,deescalation_score,net_score
"Sat, 02 May 2026 11:39:25 GMT",Trump says US Navy acting ‘like pirates’ to enforce Iran blockade - Al Jazeera,news.google.com,,Google News RSS,https://news.google.com/rss/articles/CBMipgFBVV95cUxNMWE3VEwxZ2MtUnJSR053TkRaU2o0aDkzRVpaOGt4X0t6RlVqQjd1b2t0MjVFSmk3c3lyWllGUGhxZXlDZzlZMEJxT25nTW1DRFRCVGJxS1lsTmt3X2Q4dUtxYktaQURxanN4ZktBWF9uQ1NlOEJaUGdtZ0UtcjYzYjR6M3l0LUhZZndVUkh3UVFyUDY4bXZpRjVJVlItcG53UE1yT1R30gGrAUFVX3lxTFB5MWo0aGpBLXJ5YUNnVkpkQU04OWp5QzVCTjRGcmR3eXJkZHphT0VVVVZmZkY5d0pFVTlkSHltWlBwdTdFemNJb294UFRxUER5Q1JUdUdiczVQVFBpZ09Oeno1TEhrRUxOd0xDTUJhMWNyRDE0YXlvSjNQVmVSeUlobTFYTzRaQ0cxZzRqQm96Y0RMOFZIa1p2UDZJZlo3U19zRGlsV0sxaDA1MA?oc=5,1.3,0.0,1.3
"Sat, 02 May 2026 11:05:27 GMT",Trump’s Iran blockade snatches defeat from the jaws of victory - Responsible Statecraft,news.google.com,,Google News RSS,https://news.google.com/rss/articles/CBMiZEFVX3lxTE1CMVNENDNMczdUWnFzOU5ZQl91SS1yRFpRVzRuVTBIWmp1dGZ6NFdjYWFabFJwQXZzMnhBcHY4a2diYkxKdU10U3lybzhsdkVMQndkRFA4SjFYSjEyd0treWY2NWM?oc=5,1.3,0.0,1.3
"Sat, 02 May 2026 09:37:53 GMT","Iranian proposal rejected by Trump would open strait before nuclear talks, Iran official says - Reuters",news.google.com,,Google News RSS,https://news.google.com/rss/articles/CBMizAFBVV95cUxOY3RkdWg1QTVlQmNRQkpSRFhLSmU3QTZsZmtHV016RHB2cG5FOW05bUdPN3N6ZExBVjdCR1RkdXlwLW0yZ1VGazdOVkJKNkEyWVN2V2NBUWJBX3JhREUwUUQwNlQ2RGhsaUhyb193bVRRbGVSejZZTm5QWUlBcThCRlJuajBlTXgwLXNGRmNYelNWRWFYczBDVTFDUkliRFVkQmd0UFRBZFdoOVM2YXp3eU9EZi1DNThYenRnVUE2UnY2bHNXU3FkWkVQRXg?oc=5,0.4,0.9,-0.5
"Sat, 02 May 2026 09:39:00 GMT",Trump says US navy like ‘pirates’ while seizing a ship in Iranian blockade - The Guardian,news.google.com,,Google News RSS,https://news.google.com/rss/articles/CBMiiAFBVV95cUxOclY0a3ZSMWN0UU9HdktmUEJtRUR4dTdVbTRONkRBSkIzUGhPcnozclo5NGlzaXZqMlRGd2pjQ3hPaDhTUUZ0X0Mtb0d2a0VKdWgwVlAyLS01bnJXRnZ1YTA1Y0tLNnplR2p2ZGlvb0psVXdhRXgwcGp0enRwNDRPY0gyRW45cXJo?oc=5,1.3,0.0,1.3
"Sat, 02 May 2026 03:00:00 GMT",Iran Executes Two Men Accused Of Spying For Israel - Radio Free Europe/Radio Liberty,news.google.com,,Google News RSS,https://news.google.com/rss/articles/CBMiiAFBVV95cUxQWnhyaS1tS3NVV19VeVRlS1RUeUhFblVCTkRCWmg2Z2YwTW1uR051ZFctc3F2eEcyN29hbkJkLUY3THpPVzVaYVRlcTRybGlrTGVsX3ZvTFJyQmRELVNHckg3Nk9uOUw3V2RyN2lZY0dIMW1jLWVQSUVTdXBTZGpuVE55cDBQcG01?oc=5,0.0,0.0,0.0
"Sat, 02 May 2026 07:08:00 GMT",The Iran war turned the world's shipping straits into a chessboard—and the US aims to box out China - Fortune,news.google.com,,Google News RSS,https://news.google.com/rss/articles/CBMikgFBVV95cUxOOFFqV0VzTE0tbzRxclJBWFlIQi1qRTNYdVVTa0RMelBrbm9td01acENDck5IREJDb05jUTMwWGZoNDhWZ2F0bHdKRFdCbVA0eTNhS3NZcUdOMjRsWkpiZ05zbHFNQXRBTmQ3elBGTmY0cEV5cFNiU1psd0xsZlUteDZnV2ZYRzlBQnNIM3J2eHFMUQ?oc=5,1.2000000000000002,0.0,1.2000000000000002
"Fri, 01 May 2026 16:41:00 GMT",U.S. asks for help with opening Strait of Hormuz while Trump attacks allies - NBC News,news.google.com,,Google News RSS,https://news.google.com/rss/articles/CBMiuAFBVV95cUxQWmhvQXhuQzhSRHlaRmhUSUdrMzc5Z3VSZDZfNWhoU3Y3ODdZbG5nMnp2S3dxSGZaT0hfZmEyWXVLTS13UDF5ZF9YZnB0VVdaOS1tY0hsN0ljWW1NQ3N1Z1BUNzB6eXQ4UXJud19pOGxOSWZPWDF2Nm1WcUNrVkd0VXhTTUZyeWZfeFlHTkFJVGlkYTBBQlJPYzk5UE9LRFVIU3U3a2lEWDAyOXBQMk84X0JCakhmYUxi?oc=5,2.4,0.0,2.4
"Sat, 02 May 2026 05:56:40 GMT",India-Linked Tanker Laden With Cooking Fuel Attempts Hormuz Exit - Bloomberg.com,news.google.com,,Google News RSS,https://news.google.com/rss/articles/CBMitgFBVV95cUxNUkhNRGExdHdkcFNRdUdLV25iWEJtanluTXJsbmRkZmg5dzl2TERzcDNWVE1vcUhiVXFIU0Rvajc5WUVKM05zZmVHSUl2ZWpKTWtIWEtnZEh2WkYyYWc2SjVDWE5jaExiczV1dzVwUWlkSVQ3U3Y2X2JoVzlTMnNDRDRXbzJCTHllZjhmalRvVkxqdVZHeHB5dVJ2bjN3TWI2TDRKUGRPeWV4bndrRUhBOW5yd21CQQ?oc=5,0.0,0.0,0.0
"Sat, 02 May 2026 02:26:23 GMT","Iran Update Special Report, May 1, 2026 - Institute for the Study of War",news.google.com,,Google News RSS,https://news.google.com/rss/articles/CBMikgFBVV95cUxOMHpQNkRfNHVXUF9uX2l6ekh1SGRkRGI4YXlPV0hvUzdwenAtdDBXNVhEVDJuVjlfdzkwdkdjN1ZIeVh3a3BfUDV2VGllVm9DbjFEZjZxeDBFbVJTQ2Zycnhwb3RBai1NUnFVLVRoZ3dzbUs0OThKRS1aM0RuU1hKY2ItaWZMLUEta2VTRUphaW9tQQ?oc=5,0.8,0.0,0.8
"Fri, 01 May 2026 17:19:00 GMT",Strait of Hormuz standoff puts Iran at critical breaking point as oil gets stuck - Fox Business,news.google.com,,Google News RSS,https://news.google.com/rss/articles/CBMiW0FVX3lxTE8zd1dBQlhNNlNVdXlqWkZ2WmtKamRNY2JCSjBTeUZaSjV5T1ViLXY1UjZMYUVOeUVGWTRxNl9pbkFPd3ZUOXQ4WFJ1b2k2LWV2cVl2NjJUeGEtUVk?oc=5,1.4,0.0,1.4
"Sat, 02 May 2026 10:54:12 GMT","Trump calls US Navy actions ""piracy"" amid Hormuz blockade tensions - Crypto Briefing",news.google.com,,Google News RSS,https://news.google.com/rss/articles/CBMilwFBVV95cUxNNTVtTi1rRHA0SVBWZmJjVWp1LWotMjVFcXlFZWV6NmVnTDlnNk83Y0VDUWdpcHFHVk9aTjRLZVZmS0xTVGdwYllGeHROTTF1cWJldGFiVUNPaDR2VG96bFNubXh0bWRqVFpyNE9TWkRnUi10bVJ1VTZsbW5Zam8xcU1kVFZnVkhacmE2TEMxbnEydzBUZDFj?oc=5,1.3,0.0,1.3
"Sat, 02 May 2026 11:55:00 GMT",Trump calls US naval blockade of Strait of Hormuz ‘a very profitable business’ - Middle East Monitor,news.google.com,,Google News RSS,https://news.google.com/rss/articles/CBMivAFBVV95cUxONzZGY3JHRmVqWTluRFJXbllGQVhxZzVDdUlBWURCZW96S0l0TXRUYS0wcDdySURkTk11VXJ2Z1c3STB0VDJvWHVmdTJ1NkFJZGp2S3BfNUJaaWVrcFdnVUhDU0NYeDFWajNLc0F2LWxSbUFCU1hrRVRZTm82eUt0UHRGYkFRbHVyMkdrNUFMVmlHcEdkUXFDb3NvUlZBVldOOEtHeGRvMmw1NHF2TFQ3RWo2UkJBX2N4X3VTadIBwgFBVV95cUxQWF9rUFZPUlVUam9VTGVyRTZhdFFvU1hrZzBqeU9aOXVTMnpLY01XcTc2RW5sR3hUU2F5bVhEMmZfUlNOOTR2WUV5NlNSeVZtMjdkNjdCS1EzLVVOYUFGeEtfeDJfMXJLM0R5d1RWUFk0X0JpRGlKMkozSTU2UExhQWMxQ0JNUDlaM1NYdXE5VTBwV1FyZDRYR0g5TXlsV2YyanRsWjk0WTBZbkJ5clhYVUEwRzFleV9FaW1DVi01Zk1JQQ?oc=5,1.7000000000000002,0.0,1.7000000000000002
"Sat, 02 May 2026 12:02:40 GMT","Trump rejects Iran proposal, Strait of Hormuz blockade remains - Crypto Briefing",news.google.com,,Google News RSS,https://news.google.com/rss/articles/CBMikwFBVV95cUxNS2UwMTV0TFlvMEpidjRYOC1EWXRBWWxUNVpHTnkwQ0I1NEJVV1hyaVlXLTFiRkI5M2JRRzB3VFVjRXBfclR5LURmWFlWVWxjUWJPRXcyM1VTS05lRVZHTEhwSlVab3hiUDA2N3NEbElhcldPVXp3Ukxmd1BTXzVDM1NYdzN5NzliTUw3OFV5TVl0bTQ?oc=5,1.7000000000000002,0.5,1.2000000000000002
"Fri, 01 May 2026 17:22:15 GMT","US warns shippers against paying Strait of Hormuz tolls, ‘donations’ - Al Jazeera",news.google.com,,Google News RSS,https://news.google.com/rss/articles/CBMiqAFBVV95cUxOdkU2SjJpVUZkLV9nOHB3T3F1Y0k1cFhVOVZ0cG1kdUd2WFVKWGM5ZHJlTFBMdU5HampzbUdibGR2ck9pYzM4ZWJ4clZTd0M0TWZGZ0RCaWluVmZhYkVmTUJhbTdVdWNnMHBQcy1FT0lKWjdjcHVCbjdCNHpxY0lXNXZsVjdsZnRGRjdBaW1BLVVPMUttdTgxWDYwTml1b014T1VVbGljN0LSAa4BQVVfeXFMTUhVRnFrTVpydUpRcXJERXlhZGRuX0t4OHZ2VThUTWsxbnI3QVZFU2x3MXNoN3JQcVNxcXFXM2Z2VnhITEJhb1hndGZXa29ad08zMjNLbUM0WFZsUGRVclFta0ZDUnNULTlSQlRIQ3pYX2doeEpaYXA3dVlLSk83QXZKdGpLT2tnM2I2c3JicENoUG51YTdyTDhUSjgyQ2NNM2x3RnBuRXR6Wk95T3B3?oc=5,1.2000000000000002,0.0,1.2000000000000002
"Sat, 02 May 2026 12:00:00 GMT",The world needs a Hormuz fertilizer initiative now - The Hill,news.google.com,,Google News RSS,https://news.google.com/rss/articles/CBMihAFBVV95cUxQZzhFbE0yazYyMENMVDh4WGczS1JvTUV6eUVTWHdpTWVvclZEY09Id0dJYkxxRFduaVU4OWstQ0RUT19UQW1IX09WTmFTVWdJTmJSME5FVVBvQ3JsbmlCQXNrSjQ3alBaRTFIN3RaaUR5Ykl5NHJLUVJjYkE5U1lFSHlGeU3SAYoBQVVfeXFMT1FvY0g4X09hc3laLWJ2Xzh2MDVZMW55QlBCa0ZYRWNNSjRrcnB2Qk5TT0RUakoyYlB2WTdDVDJLLXo0Vjl2Sk84TDVWUFN0djZ0Vks4VVlIYUlmdFN4c29vRTlvYnBMY0l0RDViUWNscEIzVFdxUUZvRndkQ1dnelpaWjZmZ3U4WUt3?oc=5,0.0,0.0,0.0
"Thu, 30 Apr 2026 21:19:52 GMT",Trump bets on quick Iran oil crunch. Experts see prolonged pain and rising costs. - Politico,news.google.com,,Google News RSS,https://news.google.com/rss/articles/CBMiyAFBVV95cUxNRzg5b3JPLXdXN1p1azNLUkhUc205cVBWZnplR3RRZ2FxaU83T3E4R2trUVFiX2cxMWVuZjhjZUZhRVl6OGNhcUE1eWVXZTNyZ2xrN0M0cXk2dnBGNUJfMFdlZHJsS2I3dFZPamV2ZGc1aGdDRFhNR1doM3d1elhyX3ItMmxfa2JacVVBRVpzU0pCLUktTTJTbGhaYTRLbzEwb0EzWVNFbmppNUJpaTBuNHNKb010VmdnLUk4WDU0U1lrdVNoVC1tVg?oc=5,0.0,0.0,0.0
"Sat, 02 May 2026 08:04:00 GMT",US warns shipping firms they could face sanctions over paying Iranian tolls in the Strait of Hormuz - AP News,news.google.com,,Google News RSS,https://news.google.com/rss/articles/CBMiowFBVV95cUxQMndocEgwQWFILVhhZTlLcmpWel8yMlpHbkpjOXZGR2NOdHFoQXpiRTlCNDUzN0RFa2tUMkQ2dW9WakxDdG5uSFpwWnVfenYzakN5ZVd0TjBqN1VwcjZCZE5IcFhyQVdhcXdINDJIc2MyZlB1QjZ1STYtN01ITUZzOEdOZzhxMDh2Y1RsUFlYRFVyek44bTlmU3ZwX0VmX243eTFR?oc=5,1.9,0.0,1.9
"Sat, 02 May 2026 02:01:48 GMT",Blockade Pressure Mounts as Washington Rejects Tehran’s Proposal - Foundation for Defense of Democracies,news.google.com,,Google News RSS,https://news.google.com/rss/articles/CBMipwFBVV95cUxOcE1iRWlSMjJUZWRaUC02NzdRd3JtcHpKQ21mMlY2X0p5WElzVmUxalI4T29yazR5amFfZDJfN3hiLXB4S25lQmZNY0tDaDN2Tm04QXFqYUx0WEdhT1Z1V1hmbE9BWlRRNkFpeEIyZzdfU3NDX2drOEwwcXhJaXhQd2Zsc1FGT3pHSjhVVFVtQWptNkRJbHdIdjF4SGYySmY1bWpXRUpJVQ?oc=5,1.3,0.5,0.8
"Sat, 02 May 2026 02:11:32 GMT",Iran seeks response to US naval blockade disrupting oil exports: WSJ - Crypto Briefing,news.google.com,,Google News RSS,https://news.google.com/rss/articles/CBMimwFBVV95cUxNUUdrSXFJb3kzbXFyWlN5X3ZCb3N1RmdIS1lpT0U2ZlV3bjRzSmItTEIzM1FqRURoMm5FbmpjSjhzNkpfR2JwS3A5QjRWSzFQSTRfbnBLZktLdjRleDBtdEhCMXFpRFYtLV9UcG5BLUhyWTBlMjNCcWd6aGFaNS1FekJiU1BzYnZlZ0dCd0x2UmJEaU1RTW94eUVxRQ?oc=5,1.3,0.0,1.3
"Sat, 02 May 2026 10:32:01 GMT",Iran demands US withdrawal from Gulf amid Strait of Hormuz tensions - Crypto Briefing,news.google.com,,Google News RSS,https://news.google.com/rss/articles/CBMimwFBVV95cUxNYmozX1NUNzZBS1AxNnhCZjRvOWhyZmZZUHRxelMxYXBYdVF3eFdvS0d3N1Bwamd0aDJCZUVKOFd1UjgzSjJsUmlLUXZfWFNXNDFhb25menBUTDY2Nmx1N0tkMGtURVdvUmVnWk9HMXVEaFhvdnlqTDdQZ0hmTm4wWlJWVWp2c3ItWUpReHlZTWx0cHBoNUNuZ25yYw?oc=5,0.4,0.0,0.4
"Sat, 02 May 2026 10:26:09 GMT",Sky News Australia. . United States Studies Centre Honorary Associate Dr Harry Melkonian says US President Donald Trump’s withdrawal of troops from Germany is another message to NATO of his unhappiness. - facebook.com,news.google.com,,Google News RSS,https://news.google.com/rss/articles/CBMi3AFBVV95cUxNejBKMXBPMlNGeGV5d3RkUXNhdnNGSzBoM0NHNy1fQnVUWlcwakFrdG1zRlVCYUJyU1phZU90bFBYb244aFFLbER1VEdmOWZOSDdXRFl5ZGpIVlUzZ3dBVnhRM1RSQmZoc2hOaEwwMHl3bWgxZzRfeXpPTi1nQm9OMmJ2UkNGNlE1YUxLSzJLVThweFRJRmRnZlZJVUxKaUhHTTg3T0RIME1JTEFpMWZQMVozVjNTUGo3eTRRWThPSUpyUUxOcVNTblByNE9lM0tkcjl0UFVsdW85b2Fu?oc=5,0.0,0.0,0.0
"Sat, 02 May 2026 06:31:25 GMT",Iran war: What’s happening on day 64 as Trump rejects Tehran’s proposal - Al Jazeera,news.google.com,,Google News RSS,https://news.google.com/rss/articles/CBMirAFBVV95cUxNbThkdjVuMHg5cGRsc0xjcUlsZXZSdk1xeWo4R0IwckpTWXpPZWtpV2ZrLWR3dHJTekdJS1otR1g2SFpUbHlSbHNzT0JyRzRaTGtWaEtiNzhjZ0hEaFRWc2t5OElmNEhoRnV1V2tFMmpWNzhPdVhkUlJEYkxuX214cnZLZ2pUWUlWS0VnNFBKYnlJMzJQdENuV2Q3SldCaDBHXzFQVnl2Zmc0dDZG0gGyAUFVX3lxTE1mU3ZCU1VLSHNkb1BQR1hTQ3dnc1B0TGVyWjNvdzB2ek9hQkdpc1hheThEakpMLXdyNGEyTGlUSG9QTW8zQUt0bEZiNjg5ZXF2UWloNlFOTWhScGZWakJSdlRkNXNEMTRqUnE1emtkTUQ4cXFDZjNMVDdtWlJBU1dOVEY4MkJVR0VQc0w3b3ZlQ2NvUzFnWllsaHJ1U2NoclROT1BoNjI0VThocXp2OGhkR2c?oc=5,0.8,0.5,0.30000000000000004
"Sat, 02 May 2026 10:00:11 GMT",Opinion | Trump and the New American Era of Petrolunacy - The New York Times,news.google.com,,Google News RSS,https://news.google.com/rss/articles/CBMijAFBVV95cUxPLWYwdXhuM29ERlc0ZlJyTlQzMkVjZHVGc0RxREduRFVPUHdPR3gwUmx4RXdZVUpFcnBURk5pX0NMRkVab21qWmx6STBRZi1tYTFzaDRvV25iZ2NyaHB0bHQxdlRjdHNkZzU1enpwM0h6b1RRakZzalFucTd6Y0x5UVBwcUxyakRJVllJaQ?oc=5,0.0,0.0,0.0
"Sat, 02 May 2026 07:31:46 GMT","Iran closes Strait of Hormuz amid US tensions, risking global oil supply disruption - Crypto Briefing",news.google.com,,Google News RSS,https://news.google.com/rss/articles/CBMioAFBVV95cUxOVEdSWEVzenlURHJMY2g3cTVkSlNFVVBZOXRiOW9VbUQtUEREMWZLRW9Id3pIN0FaN09vSmdqSlZDbFNmc3cyOE1fMnFpcWp4RGphOG9hS1FNVTV4dVBXNkdMTmNQVXNMdEFVc25lRWpnRVRqOUVhVUxEMC1fSXhQaHY2RmtxS2ZXaVprTGdZRU9KY2owd0NOeWZCbFB3MUhk?oc=5,1.4,0.0,1.4
"Fri, 01 May 2026 21:09:38 GMT","In Iran’s blockade of the Strait of Hormuz, Beijing sees lessons for Taiwan - The Christian Science Monitor",news.google.com,,Google News RSS,https://news.google.com/rss/articles/CBMioAFBVV95cUxONEJKWjNhTDlYOHNPZ2hlSlpOY2ItM09ZeENHUUlhYTNJWF90dHM0WFRKYnJYamJpZHhIRnZKYmhtMTZ1SWxEU1ZNNGZCNFVaTS0zM19rcHpMcVRpcFZVNUVDS3hfejQ4akw3cUswRFVWUFl3YU1keEZMZnRfTC1DYjBMZjNEbUJnbTlVZjh5S0hjcFBXUW1IYlRwdmpmQ2Vs0gGuAUFVX3lxTE45Vy1WMGxuUGZCdnROMzlRcGd6NU9ydUgzRnI0ek4yR2Y0eXhxYV9LSEZvak9pbnBVeGFvRnpUVVV1T2tSOEVmVkl3cl9nNlliSnBpUVVEcmpOT1VtVFhPQzZDQTIxTThTMzJLMXVmUjl6Y2U3LVJFYkl4OHhCSHV6bk9ObG5uaGRkTmF1YjZfLThhN201N0E2d2dhYVFMV1E4WFJ6SGRuNkFRNE1BQQ?oc=5,1.7000000000000002,0.0,1.7000000000000002
"Fri, 01 May 2026 17:52:39 GMT",Can Space Be Disrupted Like the Strait of Hormuz? - CSIS | Center for Strategic and International Studies,news.google.com,,Google News RSS,https://news.google.com/rss/articles/CBMidEFVX3lxTE9xQld6NVVpS2ROekR4aF9MV0I5SXZJbTl3dWhQa1lYdXdlNm1ZX1pzc1kweWZGNV9paWY3cG1fWmo1aFRfZEN2cWJfbHRwTDd4VGxxVTQ5YmZYNUlNWURyUUdLLW1oczhUSGpuN1hsSWpla1d2?oc=5,1.4,0.0,1.4
"Sat, 02 May 2026 01:36:16 GMT",Iran war: What’s happening on day 63 as Trump signals possible attacks - Al Jazeera,news.google.com,,Google News RSS,https://news.google.com/rss/articles/CBMirAFBVV95cUxNbk1HbzNDNEVVTXlEaHg1ZUtfbHI5aWp3cXRPMDRpaS1UVG9HYnI5OUtZb1Z5c0MyRXpOd0FUb19IMmNNejExeWtBWkVaOHNhMkZPZEZHemF3T2JuU0ZmNkdOVUpzZW05bUxKcGptR1FPV1kwM211WHIxbzg3Y214bjN0cEFKSmFjRVgzVWtfR2U5RDVjYnZudUdaMmE1RzRqbHdLU2VPbk9abEVn0gGyAUFVX3lxTFBKeTI1dG9SdFdhV2VKWmtkTko2aUtwSnlyRFFKSUFhNnVqRGt3eTNoVkpjTG1vMnRwNW9CNDZrT3BpTFVyVlVFZlpyUmRwR0l5eWZuT2JWLURiOHJaXzk3WlN0R1JwcExLWE5UVUtwZ2lFSUdZTUotU2t0eER1ZXh3VklBcUpYbGI5eXMtaWtXMDl2VV9RUHR1QTNmWU10bUpPQmVNOW4zbHN4NkNKdmk2dkE?oc=5,2.8,0.0,2.8
"Sat, 02 May 2026 10:52:16 GMT",US seeks coalition to restore Hormuz navigation by May 1 amid tensions - Crypto Briefing,news.google.com,,Google News RSS,https://news.google.com/rss/articles/CBMinwFBVV95cUxQUHBya2x2VGFWc0RYSWw0YTVOZjRUQi05Q1N2eTBRUzNmcGJQeTBITkRmcVVoZjQ0MHdwR0tFc1ZXNVFvVnJabk51VDAxSnNFTm13cnR1czU0Z3RGSUpmTEVMQTZ2RllubUs5WjZSa3YtcG12d0k0bTZXVEVBeTdPVWVnSGVrRDBDbVpUeF9fN0hIVjRob00zMlA3M0w5M0E?oc=5,0.0,0.0,0.0
"Sat, 02 May 2026 11:20:44 GMT","OPEC+ agrees in principle on small oil output quota hike without UAE, sources say - Reuters",news.google.com,,Google News RSS,https://news.google.com/rss/articles/CBMiwwFBVV95cUxOVWtaSThlNlVxYjNBMGo2VVlIZzh6TjNOVFFMVnZTOHNCREtwS1RvX3NQcmxlQk13QUdsNWxQZkdYVFFPY1pibmZ5VHdQbVBNNmFfNkxMdHVkQ1lYd1dLcU00cmJMaERwRkM5Q1owLUJoQ0wwT2NDTmZTZ3J1eUpNS1FBMG54cXN2cXJzNGUtN3JoWlZDRlFUeUtVY1MtTkY1bUtGTV80dHROXzc3aElrcUNsUm5uMTVuaEJyRm5WeHEycUU?oc=5,0.0,0.0,0.0
"Sat, 02 May 2026 10:37:20 GMT",Iran's rejected proposal would open Strait of Hormuz before nuclear talks - Türkiye Today,news.google.com,,Google News RSS,https://news.google.com/rss/articles/CBMitwFBVV95cUxOVlM5bGR6RzA3a0J4cEkxVHJ5VDRkVmNPNmpteEJ4N0NGNk5Xd0J6dWRCSjJiOWlwT01lRTMwUndiRlVSdlB6VE5tWFhfblJ5RXlwS1lad3Y1VWNJcW15djh2aGkyUWNHR0RBcHJEX1IyaDhFXzRBd0Rna0F1aXJ2Wlp4aWoyNm5lU1FQcmVhb1NiZnlBZzZIRGZxYmJIZkZrM0d6YmlDb0plMVN2UlFydFFMdDZMSlU?oc=5,0.4,0.9,-0.5
"Fri, 01 May 2026 23:07:00 GMT","Trump says Iran hostilities are over despite continued military presence, blockade - CBS News",news.google.com,,Google News RSS,https://news.google.com/rss/articles/CBMirAFBVV95cUxQY1NCOVdtRDFIMWM2ejc2ZnJQSXQ0cWc4WjcwSDRWdGNTdUVXeDY3SVdtSnhBNWE2Z1FXcWEzTVRHNmlUbl83Wldvb1gyT3NWeEEtclh0SXJqa2VIVi0xT3lzYUxnT01iTENNcjc2bFRHWDNBR3VfQmxRRWNaSFdZdTJGbkY0OUNMT3pQWXJiOWZLTU9WZmhfajVMbnlabnRvUEZMUlRoSF9JbXpV?oc=5,1.3,0.0,1.3
"Thu, 30 Apr 2026 12:16:31 GMT",Trump said his blockade would cause Iran's oil industry to 'explode' this week. Why that won't happen - CNBC,news.google.com,,Google News RSS,https://news.google.com/rss/articles/CBMif0FVX3lxTFBILXVfUk1aMEplTm91WFZ2bHJLT0ZrY0w5NVdoNjF1cU9XWTZuRVAxVElXOVN5b1ppNkRjbUN3cTA1MC1KS1VPOHA1cE9XUy1GT0o5d1VhMUxyeVJQX0hKZlZ3Z3dGQUFiX0tjUHFya3N1UENLZ0lvNTRzNW81WWvSAYQBQVVfeXFMT29pUktmSU5WVkxaODctckdOU0hmbjB3TmpCRWhaWEZXbUNBcm1Dc0ZfUGNGSEU5YWo0Vm8zdGd2TkV2NHN6bFRFdk1KbmwzQW5TVVJKbDBZUHR0M2daaVpyTkZWWFVaYVB1alA0bUFFRGdFMi1HSUJUMkJ0RENKdzc4RUxo?oc=5,1.3,0.0,1.3
"Fri, 01 May 2026 09:01:56 GMT",Engine trouble ahead? How the Strait of Hormuz standoff threatens luxury auto giants - CNBC,news.google.com,,Google News RSS,https://news.google.com/rss/articles/CBMiggFBVV95cUxObGh6MnZIRFJIZnk3T2VmLUpNUUNwMWUzTkM2aVR5TE1hRTQ5ZWhUVHcwQTJSRWYxY3htVDh0Z29aVzV5NEU0UDRLUVd5eTRJeS1ycGlZNFZjMVNocDlMVFp4Mnk2YS1fYjd5eDlvbHVJMHI0bjlTYnF3bTQzRU9PVDdB0gGHAUFVX3lxTE90eF9FSkl1eUlkLWcxQjZuaFdBSjVnNC1iMVBCeG5rbXlUZnZKdUlURHFET0I5WkxDellwSzBkdmROZ0Rmc1hzSzI2TGdSdzJCeVcyMlJyTXdjZGJNVWNYQjhTVnB5N2dQeEQ3TUE5TlV6U0NyT3hRSjFxQ1JqaDl3VHg5Q2NuMA?oc=5,1.4,0.0,1.4
"Sat, 02 May 2026 11:20:46 GMT","US Targets Iran Oil Trade Network, Sanctions China-Based Terminal, Shipping Firms And Financial Intermediaries - Marine Insight",news.google.com,,Google News RSS,https://news.google.com/rss/articles/CBMi1gFBVV95cUxPal8xZ0dBMmM3b0dmbUtDNHoyNUQtUUJWZm5ZaDVXQzhrVGo2SHlFcldwM0VUNE5yNmdWZzhGOC15dEItMHRmc1lLQzhNVVkxS2RucXhBVVJRMTM4NjBoV0FvcGhKSHFBZ2ZoajJsd25rc0RNcXdHZ1VIazBxTktMZzNQdFVJQzdhdElwX1VZTFVkYTFEQThYa21aVmswOGdPSXluakpOVEVKUG1JTjVLbmExcTh2b003YlljVnJwNHFmYWJpQkxjcGNSVG5PVFpvRTBKbkd3?oc=5,0.7,0.0,0.7
"Thu, 30 Apr 2026 14:29:30 GMT",Why and how is US blockading Iranian ports in Strait of Hormuz? - BBC,news.google.com,,Google News RSS,https://news.google.com/rss/articles/CBMiWkFVX3lxTFBicFVNdC1ySlBTbkpVQVJCaFU4a3VSeUh4MElpWGhleUJIVnZKMjZBNE1mSXI4ZTNPQWM3bEx2UkdxajJYZ1duM1RMUHRyYnVmZlVHcjBaSExrQQ?oc=5,0.4,0.0,0.4
"Sat, 02 May 2026 07:17:11 GMT",US warns shipping firms they could face sanctions over paying Iranian tolls in the Strait of Hormuz - Times Union,news.google.com,,Google News RSS,https://news.google.com/rss/articles/CBMirAFBVV95cUxNUEVkMzhmeGcxQ0x1Z0ZXemRHdUdUVFlLZWZheWttZWlVdXVsaS1WUWFtOExFU1dVdzFtNFRtaXBzd1Y2S1NjeUZnZ3B2cVZlZkc1ZkVzWjg2Rm1jdlkya2JDOVA2SER1VHBDSThtczdsZC1xMV9fZFhZZWRfZ215MkJLLUcwV3R1OVVpS2tvRHhyVEFMcEY5d3hNUkw3YUFiekVIQlFoM24zRnBq?oc=5,1.9,0.0,1.9
"Thu, 30 Apr 2026 19:51:00 GMT",Iran threatens painful response if US renews attacks - Reuters,news.google.com,,Google News RSS,https://news.google.com/rss/articles/CBMiuwFBVV95cUxQNjVNVmMxVmlmYk9ic3V2RkNRTFlHWkFuZVdrSVlsX1FSSV8ybnM4TmNRWHF1UW5aOGdjOW5OUmhoVHdBOWZ0akMzUUdPdW9heDhpenUwNTlEYU9uWHZJcDNrMnY4R0RTQ3Q5Q2M2WUtuN2M3MVpQVFNQTG5GamZYNW9TXzhMQmw4OER6SlJUMnVSQThhbG5aOEYtTWlNMkd5TmRyOWhULUdrYXg4cnpQaGt6SXlQX1ZCZXNr?oc=5,2.0,0.0,2.0
"Sat, 02 May 2026 09:35:06 GMT",UAE says Iran’s unilateral measures over Strait of Hormuz ‘cannot be trusted’ - The Arab Weekly,news.google.com,,Google News RSS,https://news.google.com/rss/articles/CBMinAFBVV95cUxOSzVvN2lwZXo0OHpVdzUyTDZfWndfTVFHT2hreV81UUs1bmdvMl9GbU9xX3hGQkY5N3J3eWoxcGtTVFNpQWtCeF82NldJdzBaN3k3R045LVdTajk3MEl3OTVOaEI2MXUtd2gzM243WnRhd2t6eVVvMG45c0c2VE9EWFlmTlNkQk5DMHNweWctWkxyMjhIbFNLeHNBNXc?oc=5,0.4,0.0,0.4
"Sat, 02 May 2026 06:55:35 GMT",Trump criticizes US Navy’s Iranian port blockade as ‘piracy’ amid tensions - Crypto Briefing,news.google.com,,Google News RSS,https://news.google.com/rss/articles/CBMioAFBVV95cUxOZjBud0ZQb2xVLWZ0THhSRUp1b211Y3lUSGNFblNqNGlNMnJFcV9pNlpGOFhvcU9iNnJJTEFkYXJ3ekpxeDZLV1ZIU3F0Z3lOdFpmZkxvQVFiYXd1cUxCU3U1aF8wVkhueXFXcmxJQjhiQlJfaGFycG5oNl9PcWR5UXA1c1pPdUhxdGtTdmJuMEMyNW9lSkhPdkRoYm5UMko0?oc=5,1.3,0.0,1.3
"Sat, 02 May 2026 06:31:39 GMT",Tehran hardens stance on Hormuz as ‘non-negotiable’ | Iran International - ایران اینترنشنال,news.google.com,,Google News RSS,https://news.google.com/rss/articles/CBMiUkFVX3lxTE1fRldiQVBaNVIzQXVsVWF6N01vMWo3cVBCdXVZcFYwZm93WlI1bFNKREdKSUVXSkxfNW9sYmhfcmxaU0F0bWJSWnNibDg0NFNjc2c?oc=5,0.0,0.0,0.0
"Fri, 01 May 2026 19:04:58 GMT",Iran's race: Break the US blockade or risk its economic lifeline - Australian Broadcasting Corporation,news.google.com,,Google News RSS,https://news.google.com/rss/articles/CBMirAFBVV95cUxNY2lOTW5TYzJkZG9rQnV0NFY1VWx5RnNweW8wUkJ2ZXNNZ1pjNV9jUEZMNlpBVnpobExqeUNxbEJTQnVlbFVhSXVKbWZpNGllUlA2UERRV3I0b3FLU2lJY0xjaXM0T0lhRWNuX0tkZF9Ia3NkMWJtTlJ2dzViX0VVeXE1ZzluUmJRUXoyTVdPWnZXVzdiSVFmQWdieUVGY1haSjN4VDM2dm5DZG41?oc=5,1.3,0.0,1.3
"Sat, 02 May 2026 00:45:48 GMT",Japan holds off naval deployment to Hormuz Strait - upi.com,news.google.com,,Google News RSS,https://news.google.com/rss/articles/CBMiqwFBVV95cUxQWUNGaVpPRVJNTGR2R0ZmLXM5SkZHeEpwakhLVDk4bUItRVR0WXE3b2k3dG10azJVaG1SRmlTSElPMmJISjVsdXlzWWFibnNQLWZZNWNVdzdsY1kwVlo2cTFBR0hLUHhKLUlOQ1hzLVJZdWxDUk84S3NiYk9aQlFQMTZNLW1IQnk0VmtIY1FLSlFqbXk0SWFySktYNVA5ZUtUU3JzOWUzelNkbVXSAbABQVVfeXFMT2xvdTJDQVN2cE16Umx6bmwxaTNIeGlJZk5pQkkxcDgwSjVuSTBLZzdmNWNOaXpMZmo3VlhQZFY0V0dvNFlXcVpVWUFtWTU1ZHVfTWpLQ0VJWEVJTERRR1pjM0tjbmk3ZEoxMFZfbHM1cWtIbkNGbjJQb0h2OW9KQzI0VElpS0NLR2FmanNSNklxb2w1YlZMeHBvOTBERE9KQkVhcndRalBVSWVYZTlDa0w?oc=5,0.4,0.0,0.4
"Sat, 02 May 2026 09:24:34 GMT",Iran proposes reopening Strait of Hormuz amid US conflict tensions - Crypto Briefing,news.google.com,,Google News RSS,https://news.google.com/rss/articles/CBMimgFBVV95cUxOVWZTdTR3clpDZHE1SVZBQVBteGZWTDlab190OVdMVWJfeXk1QkczbWxuY3dRSXJkOW96bzNCbnQ4VU15dFZOYjFHUnlXQ1o2SnVhdHlKSlIzeDltdVBEVGw4Sm90R2I3M2dCNWZsRkgzMlk1WUZibUx1ejlnTURvcGpuV1p3cjZpazFZeEpiekhtdkJwbTJBcWxR?oc=5,0.4,2.2,-1.8000000000000003
"Sat, 02 May 2026 08:38:32 GMT",India-linked supertanker tests Hormuz blockade to ease domestic fuel crisis - Investing.com,news.google.com,,Google News RSS,https://news.google.com/rss/articles/CBMixAFBVV95cUxOeEl0UzFPeHlEUWZweTA4eW9MaUtQQ0x3cDlfWERKQ0NFUjF1Z0xzVXZWbjN4N29EZnYwLUJDcVNlSGFOU1U5Q3plZ2JuVXBxdEo4OExLQVFfWWRvTWZkZzZfVjM1YkxVTHQ0aTJBSE9FbGJQal94Y0p4aWwwTlJwYW4yZ0p2NEV6d05SNDhVNDc3b2NjZlF2emt3a3FYMl9TUE1tenlsem1tMzBaa0RKTzI4RE4yWWRBYk9rVV9sNWNYZnVN?oc=5,1.3,0.0,1.3
"Sat, 02 May 2026 08:00:26 GMT","How the Iran war is hurting travelers, airline industry - dw.com",news.google.com,,Google News RSS,https://news.google.com/rss/articles/CBMikAFBVV95cUxPTkU2SDNXMTVhYlVub1FmNzVCRGpIOTBOS0M3THpXNERRZEdiN1pZTjJKUXpWQWI4akdyTWc3VDVfVFU1bDktYi15NHIwZ1ktcktkR3ktTlg5SUhyRlNIX0s4RXB4VDlRNko5bmJSSVJIR3I3UnBnX2V4SHd3NVBCaGZ5SU1sVWpmNlBZZXFJVE_SAZABQVVfeXFMUDJKQTNmckxXcE9QNFoxUE9pbDJhOVZfZVFEdFg0SVdZQVN2a3c2T0xsMG5LT19YLTl1OUp4MWc1Y2FNeUJ6MUNIZ01XUlVUNGFydjV3Tmxzc2kyc3hYbEgtMXZoemVHZW56UHpQTy1FdGJTV1NUSW95czI2anEwOUltLXBaaTVlZ0VQN1VMVlNP?oc=5,0.8,0.0,0.8
"Thu, 30 Apr 2026 22:50:24 GMT",Oil prices surge again as Trump weighs options to end Iran war and Hegseth faces lawmakers - PBS,news.google.com,,Google News RSS,https://news.google.com/rss/articles/CBMiwgFBVV95cUxNc09vYkhOemh2aE9qdnQwUWtIRUFzb2xqWUctajY2ZndEOWZLZzdBQUktbUZ6LTVkMV8yVzUwSTN5eW96RkI4bnJPYlBKLU4zam50ckZ0RzlkejY4S3FQWXhwVW9mNkRSWVhDTFBRUXctTkNrTDh1UXJqa3BCVHVYZDRnXzVkc3BSRkVYX3RGbFpCcnN3Vjh6SHZRMXkwN0Nna01vZ284cnJYSW1BMEhqTjJHZXFFZnZidGc4TWx6azJXUQ?oc=5,0.8,0.0,0.8
"Fri, 01 May 2026 19:08:21 GMT","US sanctions China-based operator, others over alleged Iran oil trade links - South China Morning Post",news.google.com,,Google News RSS,https://news.google.com/rss/articles/CBMi0AFBVV95cUxPb29HLTNBMHktTlhhSG1OaEp0NHpLQ2hHMXFsQml1c2U0UERHeHk3Z01ZX1hZaUZ1NURvSkhQMGdPOGZWSktISDhBZDNfcndTRDVKcHJXbGFRWDVLTWRfR1U3TmRJUGFlVG54M1NyNERqUkswZDFReXB5R0l5ak1Gcl9jYVUwQm8wX3Vjd1JOcjI3aTFRZko0dy1wbEQxMzI0WlllU21zUVdIcG1fMW9lYThVVFZjNmR4UTZrbEFaVDJ4anZ6RXE0c2JuM2RaVjdJ0gHQAUFVX3lxTFA3RGhyQk9nNTBoZW9EOXdLWkpPdWVuMl9INjhZWnQyMnVlc0gxNlg2X2RtbUtkMnJja2hpVi1jaHB5MkwzcHdFeXFnZ0x6RUZqcGZCSkYwaFExZFdSSFQxSVZCX3Q5V0JIbWdoeDUxMWhlMzZMUjQ2d01sRjhHYmxPeHI5eXVtVDZGRFdzR1AxUWdXX1l3M3Q1akk4WUpjWElQQm9mRmE5SDJnZDNTZ3RralNNc1F4ZjhlM1drZ2hGQzFZMmh1Zno0a0FzVW9rV3M?oc=5,0.7,0.0,0.7
"Sat, 02 May 2026 11:41:06 GMT",Japan Buys Russian Oil for the First Time Since Hormuz Closure - The Moscow Times,news.google.com,,Google News RSS,https://news.google.com/rss/articles/CBMisAFBVV95cUxQcDZfckkyN1BYaUVPVW5YMjJuaEpsbEk3U2RMYUoxd3VpUnMyTkxpXzZhem5fUW95cjZGT2dvM3p6OE5xTnM0MU15d29CWkdfMDNqMEdROHh5Y0ZhYU00RWIyNVBqUkNwYzdobWFDMmZrN0xQM0pkZkJSdVlOdUhPWTdXeFhDNkZRdkc3dXJrUmJrSFVkT1hhVHJnaUt2NHJsMS1HZmdxMkRUajdBMlVIZg?oc=5,1.2,0.0,1.2
"Fri, 01 May 2026 09:52:00 GMT",Trump says he's dissatisfied with Iranian proposal as rift with allies deepens - Reuters,news.google.com,,Google News RSS,https://news.google.com/rss/articles/CBMiwAFBVV95cUxPOXFST3AwNjc5YVJPejQtWGdQNDY1QWY0Y0g4ODl6UzZSbmRKcnVNOW1vVUpZREw0a1pfWUFLYnFDUlJjd2wweUhiWkZrLXByUC1hTDBlaVBJYVlSNkdWV2FiVjRhVFh6eUJJMWx1MXlhbllaUWQtbFRiR1IxNEI0NVo5QklSSmJscjRXQTRaM0wzTVVvTlpycG01cW9aNzJBMGJsNjRONGh0U1JrcXFSZ3RMUVNZdVNyMW9ocEVyNnQ?oc=5,0.0,0.5,-0.5
"Fri, 01 May 2026 23:50:44 GMT",Iran proposes new management for Strait of Hormuz amid US blockade - Crypto Briefing,news.google.com,,Google News RSS,https://news.google.com/rss/articles/CBMimgFBVV95cUxOQ2xRc2VUM2dLcGMwZU1fM3BxUTB4aW0ycW1uZzlCUmFDVUhDOFZIZUZmaC0zbzVhN1dvUTVEaTdQSFltV2hFYUk4bjh6S1BRRFlGREJrWTlmWDk3aGpxS0VtOFY4RFY3YVlWMEdhdk9YLTlRc25fbXI3b3dOOXBpeER0WFF5cFk5UnI0QWU5NEozb3VYRnFBdl9R?oc=5,1.7000000000000002,0.0,1.7000000000000002
"Thu, 30 Apr 2026 14:51:30 GMT",What alternatives do Gulf states have to the Strait of Hormuz? - The Conversation,news.google.com,,Google News RSS,https://news.google.com/rss/articles/CBMinAFBVV95cUxNMzBFN2RlODRWUEJSY0hkWWcyQW9pTmZmZXFRcUhrUEh4LWI5MlJlVlp3RklWeE54Z29xSDJFUlNVaXFTanVrT2ZkZkF4Z0tkWVdCN1dPdUtOeHhXR3RKTG1LWWMxS05ZTzIxLW1SUWVBcWViaFhoLTVqUUJtVVoxVUIxQks3RGZtMWZjZ0daOW1pVTVwQ2hGWjQ1YUg?oc=5,0.4,0.0,0.4
"Fri, 01 May 2026 09:40:14 GMT",How the Strait of Hormuz Has Become a Weapon of War - Bloomberg.com,news.google.com,,Google News RSS,https://news.google.com/rss/articles/CBMitAFBVV95cUxPR1VKOE5UR3NieGY0dWVNOEVGemR4MTJWZWQ2emFfcF95dmRfLVhMYTFyU0hKeXI2TXZWS0YweEtta3duUmo1dnZEZ1lRdDhyWlpHazF6VWRWdGZUQWJZV2ZsaWFIRDRyNXNzVTZDN0ttb0xLXzJOVXpkM0Z1Nks1czRsQ2tDSXg2cXZfOFVDTG10UFhXQXNfM0F3anZvWjVWcklpRkFWSU9vQWZHY3lZSUF0SjI?oc=5,1.2000000000000002,0.0,1.2000000000000002
"Sat, 02 May 2026 10:08:59 GMT",U.S. Warns Sanctions for Paying Iran's Strait of Hormuz Fees - 조선일보,news.google.com,,Google News RSS,https://news.google.com/rss/articles/CBMihAFBVV95cUxNMjVfR0hLWlhDUXAxS0NxWUt3djJWdXdlZll2cGlaMGxSZ1ZHX2h2OGZGZXJDdDBFVmM5RUEwd0laN19WeGhqYWhLLWh5QXlaMG1ReXZyVkxLZ19hOVB4Z3hYQ2x5aVJDb3RVUDloUGR3ZEEzR1dRd01raWtxQ1NBanVhUk4?oc=5,1.9,0.0,1.9
"Sat, 02 May 2026 07:05:56 GMT",US warns shipping firms they could face sanctions over paying Iranian tolls in the Strait of Hormuz - The Killeen Daily Herald,news.google.com,,Google News RSS,https://news.google.com/rss/articles/CBMi_wFBVV95cUxPS29NVmtKVVBWQkxTV3RiZVVoS0FFN2hmUlNiVzl6VUFSZnc5MHJtcVVmaHl6UzFEb25sNFgwUDZqQ1JpYm1xN1BjUnlxS3lwYjh0Uks4WHE2YUtVcjAtcTZXaVhsdmZPakd5NC1ieVhxMWtnSUY0eFBaRGNUME9IVWdGY0R0ZURVZzM0R0xzMkZXSk5xSGM4aS1yYkNQZDJUcVVaSzNRQnFpVjQxNzJnVTlUbkozelVKSXZFdk1JblJiTmdYZ1ZlLVh6QjJPVHRLTEVGZ3ZEcHk3UUJpTUNlcXVLTldPS0NoSGlNWHVuOXN4bVNvTFlxOWVrZEVzdjg?oc=5,1.9,0.0,1.9
"Sat, 02 May 2026 07:08:00 GMT",The Iran war has turned the world’s shipping straits into a chessboard—and the U.S. aims to box out China from the Panama Canal to the Malacca Strait - Yahoo,news.google.com,,Google News RSS,https://news.google.com/rss/articles/CBMiiAFBVV95cUxQdDA4LXFzUmdjQVk1SU9LTTFvQXN0SnhGbEZSNXNoX0dBclcxTGk4ZWlzTDAtVDMxOWRoUkR2TW1RcmhXaHBrQzJtaXNrTmYyUmU2aGxzWDNaLVp3XzVwMjYtT01mN0ZFNzhucnRPOGxSZXpaaEVUdHJwRC1mZ1RRVmZIaXdMSk9s?oc=5,1.2000000000000002,0.0,1.2000000000000002
"Thu, 30 Apr 2026 06:50:21 GMT",US seeks international help to reopen Strait of Hormuz as crude prices surge - Reuters,news.google.com,,Google News RSS,https://news.google.com/rss/articles/CBMixAFBVV95cUxOcXN0aG5nUkg5TEU5emxCMG9TYjFfRm1mVmp3WFM5Q1hkOGtWbVlxSG45QXBtcXRjb1JfMGE1bjk4SW1Qbk1qRkVvUmdtNmpiRnJQU1hiSXRxeURIbTZrdEtZUnhXdjNDYVY5UWdnaDdUQ29qbFpDdlQxVXlmOTZFN2ljTUFwcWJtc0NuNW5CQTF6alhndnRKcWU1THJrNVctaHlsMGNSQ1k3ejJ0TEdkcFlsZ3ZTaXBsamJsckdxZTBMeXdL?oc=5,0.4,1.1,-0.7000000000000001
"Sat, 02 May 2026 06:55:36 GMT","Strait of Hormuz closure reroutes shipping, boosts Panama Canal costs - Crypto Briefing",news.google.com,,Google News RSS,https://news.google.com/rss/articles/CBMinAFBVV95cUxPeHdycl8yTVVXWEZsV3hsZGxlLWNqNDlSYzU2NGxLQmU5aDBOWkpBM3lYbVFtcy1zeGIwYTh3dGRGSjE3eU1lbVN3VURaQmJ1M2lsYUpCVGhUSkozcEJKUXZGd2VmdklxbHVDaG1qdi04dS1tUUxqR09PT085U0NNVWZkU2h1MjZrc2tFb3JtdGE1dDF3SXZBbTZvX1I?oc=5,1.6,0.0,1.6
"Sat, 02 May 2026 05:16:39 GMT",Araqchi Mocks Trump over Label on Hormuz Strait - اسلام تايمز,news.google.com,,Google News RSS,https://news.google.com/rss/articles/CBMilAFBVV95cUxNdWRISWNGNmtCeUotSGJaa3B2VVpHellJY2hhVFl6LUVoV1NGUVpEamRNOEpsZkJSVGQ5dUhXNENhOFZmMlY0VnpTT1E0cC1NRldSVjF0MzlhMUhhSEtqWUdUSmNOczVyTTRNZnRKN3k5SGhYQkFFUERVUzQ0WWhpYVVNZGZEcTk0MldpOWV0TXJCeENs?oc=5,0.4,0.0,0.4
"Sat, 02 May 2026 11:54:45 GMT","Forget oil, this is the shortage that will cause the most suffering - The Times",news.google.com,,Google News RSS,https://news.google.com/rss/articles/CBMiwwFBVV95cUxOWjJBN3BPVVRDeVFtU0xyZG91STRoOGhqQkFWVlpOLXRaQ1BxM2xkR3hReWJGSExkWWxTVnRLMThxb25aSmhoeWZDcXZ1TzBZdFRVZktrMnFVMXAycXF5NkpTNXZsZVlsbzN5RGNQLTUwQUNhMnBkaDB6Q0xKNlpER0x3VkFrZ3VmWEc0ZHZGSDBkNTI2LXJOR3lwYktlTGlGUFM5Mk9HbVBfcFhQTGhBeEt0UjZ3VHRVYmx0TGJtN21Bam8?oc=5,0.0,0.0,0.0
"Sat, 02 May 2026 05:33:00 GMT","Shipping through Strait of Hormuz falls over 90 pct, 41 security incidents recorded in nearby waters: UK navy - People's Daily Online",news.google.com,,Google News RSS,https://news.google.com/rss/articles/CBMiZEFVX3lxTE5Hb3RHU3o4RGowUldwaFdwbzMyaExkVmFvSGpzYW53RkpNeVFKamgwbG50X3Q0emhSWnBwaVllVDR1NnpzOGdobnc1NGdUUDRueWFlZEZwTTJfOFlHUjlRS2YwS2E?oc=5,0.4,0.0,0.4
"Sat, 02 May 2026 11:30:00 GMT",China Signals 'HORMUZ BLOCKADE' Will Dominate Talks Ahead Of Trump’s Beijing Visit | Details - The Times of India,news.google.com,,Google News RSS,https://news.google.com/rss/articles/CBMi_AFBVV95cUxNdS1QeF9YMkRJbkh6TnJITlpVc3owMllTbDFtdmJWbmRyTUlBcXBUalRXM054SHppOVBJRmxDQjJMSVhzTGtYc09yUk5GbkFqTWQzWVRxNTJBVzhZLVhCSnFJVkNjSkx4QjdyNHEyU0FxSFpvM2lvNWFva3d3cUxnMVJjOXpiRC1BOVFhRDVrVGxNWUhHWVY3Q3I2XzdMV0Z3S2ZSZ0VoTEZGVkZnUEh5UnVaa0lVSHhWd2YxenZ0M3p4T3pfUERoWFFWcEY0VVlrd3ltcmFiYWlEcURSWUI1YVdrejdoWmpLWW1KUjZzTWJxVE5xVDlBZ1ZzbUvSAYICQVVfeXFMTi1VY3R4MVlWS3lvLThmWGd1aHlQVUZLZUdsd2lrcmp5c0cyQ3YtbnZibm9TTmpYN0Z6MDJ3bDZORVFmU1liUzRtS2tHRUxhelUyUHNKVS0xd2l0TWJwNUcycWNmbk52Q0d1MWFZQjdQaEhnQUpwZFBaMTliaXhscnVqcU5ValZQLWw3NkQ3TU9FcGNDYlY3WHBQYU1FWUVjZmpXTUpTNzNNb1JNd1FxNDVBSzlBSU5ja0EtUTRPWi1QY01lb1pjaHdaT3FINnZiRnhiQ2lZdHc3UUgzZFlFUVdIZXlRSmpTZ0ZQcjMzNGtqX3BYdU5BZ0JJNEd5NVNmR3d3?oc=5,1.3,0.4,0.9
"Fri, 01 May 2026 01:44:00 GMT",Iran threatens painful response if U.S. renews attacks - The Detroit News,news.google.com,,Google News RSS,https://news.google.com/rss/articles/CBMi1gFBVV95cUxQeWx0d1NoVm43MHVvcTBiYXh4MzNJWnB6QU1kR2xtejB4ZFI1dDNxcGpUdWNuaXQyeXhzMWp6MThsN1p4THUyUWpOV1loTy1Wc05ad0JfRUZPZTB4Qk9XcnkzcjF5cldkbDBLUmRjRmpMamJyeTJyNENuZ056UDdFZjdIUmplNThXM0VZYTNud2tKR0t0TXBsUHFFdTE4bElvamRiRHVOMVVyaDc4NS1GLUZkaVMxNzFLZVBMVVJlQ3FTNjU0X0Q3ZWpyY21kUmM0ZVZQTjdn?oc=5,2.0,0.0,2.0
"Sat, 02 May 2026 11:13:52 GMT","China slams ""illegal"" US sanctions, vows protection for firms defying Iran oil ban - Egypt Independent",news.google.com,,Google News RSS,https://news.google.com/rss/articles/CBMiswFBVV95cUxPM1plUjAxSkI4VE9rWDUxWVBYX3RHdG9ScjlRYnpCRXc5YTExRjhJTGRiRUlGQXpJR3VGZDJ6bm9TQThTTXBsYk9mT2pUN0JLeFFJb0dDSmttRmFZRWY5Q3ZwMmdrV0JteWtqVjlrMm9yQ01YaDZZUm8xOGVLQS03M1NORDJ4RGwtUDVkNEVGUTI4V1Zxa1JnbWw4NFlHRUdlVlZDc3hvSjZ2QThtemQtRF93OA?oc=5,0.7,0.0,0.7
"Sat, 02 May 2026 08:13:48 GMT",US warns shipping firms they could face sanctions over Strait of Hormuz tolls - MSN,news.google.com,,Google News RSS,https://news.google.com/rss/articles/CBMi5wFBVV95cUxQTkxEMVBQbmpGX1FtRktSNDdqM2VCMGdWNlZKTHZhZHo3YnpBOHNEYkNhUmE2NXBTTmN0b0xxR3BNQXVUVjJwUVVvUFlWeC1ZMVI2ZFpQZjFlTV84NE41SUhQZGJGM2RCaHpxMDNaLWd4bUFwYmZzVjNEa3RhVFRxbDhPcG5fODBoVVNSazJsb2p0U1MwRWlrRUtqeDUyNVVnRVZwQXJDVGphTlNLX0Q0NnFmZG5uVDJDWlNnanJiTmxWdDVUb0FSUHFkQkpEV3hpLXJyOHhwQ1NyeHlILWxJOUJlclpYUTg?oc=5,1.9,0.0,1.9
"Fri, 01 May 2026 19:57:29 GMT","Iran shuts Strait of Hormuz, stranding 20,000 seafarers amid US tensions - Crypto Briefing",news.google.com,,Google News RSS,https://news.google.com/rss/articles/CBMinwFBVV95cUxOTHpvdDI2MjVhQk9tX2M3Ulloc0pZalN3dEp4NWQ2Mi14dEMwa3UzUFJZdVBMVndhLXhzOHdUWVZsYThIX1BLV2V3RUE4TFlBa2NXS1FxekFTa0hwUVNiUjYwenEzQnBIWW9PZXYwMnBSekNFd1JpVmtHQTNVZ01STEdsUFBSSEpJQ3pYdmNwcEdNVTNzVEZlUng0a2dZd3c?oc=5,0.4,0.0,0.4
"Sat, 02 May 2026 08:19:00 GMT",US Warns Shipping Firms of Sanctions Over Iran “Tolls” in Strait of Hormuz - Jakarta Globe,news.google.com,,Google News RSS,https://news.google.com/rss/articles/CBMiowFBVV95cUxPZk5oOXA4c0pubU0wM3B2VlZpenJ0cldhTUJPRGhhUVFQWkxrLTFKa1B5MVduMExpUmxIWXRQMFFUenJRU0RydXZLMTljM3NJOHlGUEZ4eXJSVElLUlI2Q2s0NnhjYi1rUlNmeC0yTVcwYTFMazBnbW40cVNNaVM4V21iZEdBVE5uRU9WMi1aTDJWRDFwT3pOS19ZNnZ1dFVmT3RV?oc=5,1.9,0.0,1.9
"Sat, 02 May 2026 09:20:00 GMT",US threatens sanctions if shipping firms pay Iran fees for Strait of Hormuz passage - The Times of India,news.google.com,,Google News RSS,https://news.google.com/rss/articles/CBMi5gFBVV95cUxPNFBXQW9PU3VuaXdBbXY3ZlRKUE5QT3NvZ2NrOGRCUXZScncyZ1VnSG16SU1yb3JnTmxGUnA1NzdwUjZLTWw3R2xVU3ZuQ0x5Yi1ZRThEWW9XWTFzeWNTYnVCdkNxYV8ycmQ4amczc0ZxZEZHQlJNN3ViWWZUWEdtSzRNRjQwemtMM3FpZzdMWld3LUhubnRPZnV5b1ZBdlNhSzJISEd0Q1V6ZVlYYkljUVIwQWoxQUVIcVhIZ24xU01KbWJSSVllRm5JRmpfeG14ZlJ2aVZfaEFWRURSbDllWDFyaFBSQdIB6wFBVV95cUxNMTBtRlVxR19uOThudXk0cGhGMFM3Q19JRXpWX015NWRScElNRFBFSjB4amxPcDJhNGEzcGVzT0RiSTI3OFlXQTlld3pWdF9rcklzMVNSQUtHWTdmNVZXWmpyckZoOGZwTUxmWkYwaDM1ZjJiQWdMVF9JVVVvcGtJMzhPaGxReHNQazg3RFpBdjZzeFlRWEJJcUowQzlPZk5nZU9FV3RIQmdkSVVlSmZGYWxHbm81UElQdS11VHBtNWpxcDRuQmhsbjNCSEZfNVUzbjkwTDJ6eWFzMXlvS0Qxd1lwLXNQSnZuQmI4?oc=5,1.1,0.0,1.1
"Sat, 02 May 2026 06:34:12 GMT",Iran’s and OPEC oil production figures in 2025: OPEC Statistics - IranOilGas,news.google.com,,Google News RSS,https://news.google.com/rss/articles/CBMizgFBVV95cUxQM1JLaWRNWkt6a2ZNUThjNkZEeFpERjNLUUNwYnhJZ2hSR1o2REl3ZU0xUjZtdmtrRV9tR3pLTVpaMVBDVE1FRTQtMkRFaEpMUmlITUJsS3hGLTZXWFdPMml5WGo2VnlmVzRLS2w5YkxzU0hwalAxcTh4VkZpM0JuV0ZRbmhqNTF2UDlyc19vNWxzZ1hMSWNkZ3BrOWt3VjYzeXp4OEg0cXhIbk1RTm5oNDB0Ukd1SjRmSGRXeTlYTFdWVnNVa2pidkppU3daZw?oc=5,0.0,0.0,0.0
"Sat, 02 May 2026 06:54:00 GMT",Ukraine is hitting oil facilities deep inside Russia. Soaring fuel prices could blunt the impact - AP News,news.google.com,,Google News RSS,https://news.google.com/rss/articles/CBMirAFBVV95cUxPeTEyV245VWx4aVJNMjlOWFJvSkFBTVpSa3lZRkRrNUtQZ3MxZXdOenZ2UWxGbzQtWFlOekZRa3Vxa2pJbW9lWmUyOUV2dXFJQllNT1hjMHpGcWVsMTVnd3RENzBhOHVoWnNJNEFKTEdJOGFnSkV5dDZpSENZM0xxcnl5X1NIQlRrdXRCSVFxWGtDTTlSTlJNMzd0QmRpb0VnUkdBOGE3NC0tMHJ1?oc=5,0.0,0.0,0.0
"Fri, 01 May 2026 16:54:14 GMT",Iran economy in freefall as US-backed blockade slams oil revenues - Fox Business,news.google.com,,Google News RSS,https://news.google.com/rss/articles/CBMiW0FVX3lxTFBqb0t0elNsR1ZOSV9sdmxtR2NaTkU5bmI2amNQZWNKTnZVY1NwLXRVN1ptRjhzamdxaHBkWmlpbjhyNlExTDctdDRwNUJ5NXZNZFZFRXFBY0NmQkU?oc=5,1.3,0.0,1.3
"Thu, 30 Apr 2026 09:48:28 GMT",Iran war: Khamenei pledges new Strait of Hormuz 'management' - dw.com,news.google.com,,Google News RSS,https://news.google.com/rss/articles/CBMiugFBVV95cUxNcWlTZ3FkQ1VBUGFGbzR6bWFXeEgyVjRxVnNoZ0Z2cEZRYV9SaFJRUGdFakNlUjNPQWtRdlllREs4c0FhUlhRMEFNSUtUd1V4Yy1OMnJLTWVNbmQtUmw4azBfRGxheWNLQjZuNTV1QWxCS3Fkclp5SUdlLW5FM1lUQUMxSUNfTzRiQ1NwcTlTM0E2YkRwdHZiWTB5RlVLeVFmVUJuTlc4a2lwQUVwaVN3STQzdVNWUHFPSnc?oc=5,1.2000000000000002,0.0,1.2000000000000002
"Fri, 01 May 2026 20:31:00 GMT",Canadian Stocks Slip As Iran Submits Fresh Peace Proposal Amid Strait Of Hormuz Closure - RTTNews,news.google.com,,Google News RSS,https://news.google.com/rss/articles/CBMiwgFBVV95cUxPYlZkbkx5VXFUQWtjV25qNXUxOW9KakZIa0hyOXFOakZuQ05tS2xoajJ3X3htYVY4TlBHenlGTjFmeXBSeXJ2RGtaV3B6QjNOVmxXdjUybTVyYTh3b2MyNmtFZVp2UmNLbVc5Z3hSUnlKbUhUVmpRTVIyVzNNeHQwM1NubkloUnRySHh3VlBqYzBfenZBMXVmclptZ1g4eFNYWER0cFRjM2pGd194Y25DMVVzY1F4aDJjbW1MdzNBUVltZw?oc=5,1.6,1.5,0.10000000000000009
"Thu, 30 Apr 2026 08:48:08 GMT",Pakistan opens up road trade routes into Iran amid Hormuz blockade - Al Jazeera,news.google.com,,Google News RSS,https://news.google.com/rss/articles/CBMiqwFBVV95cUxPYWFDMW9sdG9rbWF6enY5Yk8wOFZGcFBfUkhBMnNpeWFDVWdma21PbDcxMEFnSTlDbExtQzFnbWMwM3gySlFfLV83TFZ2SHZTN0tySFFVWUNxM0ZtNkRxU2p1MTNSc2ZZTDFJeElaYkloUjN0aGl2dXNvQ2pyZC1HYzNGR2R5NkRLZ0xjSUhYVUMyUDBvX0hmVEN2a1B3dWhwbEdLNGxlcEJCbVnSAbABQVVfeXFMT292RmxWVHRsRGc2RmNQLS05dlFjN0xQRG5kblRTRHY3dmVsNkFOalpFY18zRzdaWDlJVF9KQjNWd2dkZkd6Um9fa3ppUWFmZzY5ZDFLSTlPMldiZko3QWE5eWtPUEZCREFiX2tBZEhueWdxcnJhMlk5bVBsaFJzQkRHOWJHT3U5NnZCal9hS3hfaTR6Y2hMOU51a2p5eDFwU29ZMGRkTnVncWI5TnlUbTI?oc=5,1.3,0.0,1.3
"Sat, 02 May 2026 00:56:46 GMT","Video Trump declares Iran hostilities ""terminated"" as US Strait of Hormuz blockade remains - ABC News - Breaking News, Latest News and Videos",news.google.com,,Google News RSS,https://news.google.com/rss/articles/CBMiTEFVX3lxTE1OalRIWDJjR2c4S2ROSlRGbkZ0cF9RVVJGZ2sybFZ3aXVZV2xsUWg5Q3FfS0VST0pEV3RmbnYtNkZjSktSNTQwazVsc3c?oc=5,1.7000000000000002,0.0,1.7000000000000002
"Fri, 01 May 2026 18:10:00 GMT",Iran Softens Conditions for Resuming Peace Talks With the U.S. - WSJ,news.google.com,,Google News RSS,https://news.google.com/rss/articles/CBMirAFBVV95cUxPTlV2UFBIcEJGT1Rvd2xqZ1hENVpEMVlpeUlXWGJQeE83OUVMaDN0NVFOUDRkSTFyRW9VZ1NEelRRcmxWYVY4TloyRnd6a3VSNjRIRS1vLUNzUlVKckJkRzNLekJvLUNONUR5dU9WQzFQVzgwM3E4Z2NuRnhQS1pqWW82UzBBWDZLR2ZOVmpBLTJpSVh4eWFmNWdQUmR2Rk9jQ2padm9CMm9sOHFT?oc=5,0.0,1.4,-1.4
"Fri, 01 May 2026 15:53:43 GMT",Strait of Hormuz blockade deepens economic divide among Gulf oil exporters - Crypto Briefing,news.google.com,,Google News RSS,https://news.google.com/rss/articles/CBMipAFBVV95cUxOcWRseXpTRlhhaXMwbFdnajRfZjVUNHR3U0U1Y2UxbzZqaU9lN2pVSHpuV2lYVWlYWUl3b1RiWnFxcmxuUVlsZjBvVVFocGsyTFJPZ2QxSmg3TlFQU2ZOM0d5VHVXWE1Hd1RnbHZJbTltb0xaTm9PdjFkcTlqRzdiTW1yVVNScGhJVndLMEs1NDVmUUdaQ00wQmtHNDhULXRwb2R6aQ?oc=5,1.7000000000000002,0.0,1.7000000000000002
"Sat, 02 May 2026 03:52:14 GMT",Iran economy struggles as Strait of Hormuz traffic decreases amid instability - Crypto Briefing,news.google.com,,Google News RSS,https://news.google.com/rss/articles/CBMiqAFBVV95cUxQcGo0dFY2MThLeFMyc2haNUpJZHF0UEpQa0RYZ2ZPcjZTb09iSmwxWmh6TC1rOS1lVlNMR1h6TVcxY0s3anRvY2FsUEt6S05WUi1ad1U5ZEtZeUxadTJ0ZTEyUTFyNk9rbmk0X1lZYUhHMVpYZFlEWXp5SE9vYWZRXzM4XzZiSzBoVWNBWWE1blRfVFNXLVFWd1BSQk90djhUVTNnQzNaN1o?oc=5,0.4,0.0,0.4
"Sat, 02 May 2026 06:44:14 GMT",Iran’s proven oil reserves at 208.6 in 2025: OPEC Statistics - IranOilGas,news.google.com,,Google News RSS,https://news.google.com/rss/articles/CBMiygFBVV95cUxQc3k2X1QteWxVY3FFdVhvYWczQXczek1JWERoT2M0NVE1NENFNDdDeVBsc1M1YXRHNXVWSEg1QlFWdlJSVFp1aWZ3WkZXWEppV1d1dTg5NVVrUnNudmhMR3N3QVVnVnFuVmpnZmc2U21Db3BvdFA4NWhzQU9PSmk3UmFNdlU0bWh1VXlpbEZiWFJrNHpaS2lxcXltUXlXTVNaMEpGMzUxTU1Jc18yWnk3ZEFvcHlrLW1zY3Nld1BCNFhBUHV2aFFFMU9B?oc=5,0.0,0.0,0.0
"Sat, 02 May 2026 00:12:59 GMT",Middle East tensions drive WTI crude prices toward $150 amid Strait disruptions - Crypto Briefing,news.google.com,,Google News RSS,https://news.google.com/rss/articles/CBMiqgFBVV95cUxOaHc1UTVwMDBOR0ZnWElEUGhjazRIUVU5SDQ1Rk0xSlJvUlptcXNZZEdtZ21HV1E3cG9WVjRQQ3BKRG5oUUthTjZocU9ndkE2RjFLWktYN2NmRlZ0SUI2dF9LZmExbVJtMnN0a0p3LXhaT3VEeXBLMU9OYUpHZ2hwZ29DekxnTHJncnowYl9SNnZmVGtnRXFvdFh6M2dHNkhFa0tHUHUxSVc0dw?oc=5,2.2,0.0,2.2
"Fri, 01 May 2026 18:02:36 GMT","LNG Vessel Finally Transits Strait of Hormuz, Others Moving Toward Waterway - Natural Gas Intelligence",news.google.com,,Google News RSS,https://news.google.com/rss/articles/CBMirAFBVV95cUxQVk0yMUZfUkZnZDZoeEpmNldlN0tUeVE2SlI4NE9vYUZZTW9kSW03Nk5QakF3RGZYTXowZFV5RlEtMkNwUzl0N3Y1WEhzZVlUaW9rVXZyUWVOb0hVQWZNTm01aVp3WlFwQVNGR0Q1WFhXRDJSTVdXdnVWYzY2RS1tZC01Wi0wRWV3NmJUR3V3NzdmQnBNM1dwRDBCOFJVQUhuYWQxZ0h1bjNRX1BL?oc=5,1.2000000000000002,0.0,1.2000000000000002
"Sat, 02 May 2026 10:44:29 GMT",US Warns Shipping Firms They Could Face Sanctions Over Paying Iranian Tolls In The Strait of Hormuz - Deccan Chronicle,news.google.com,,Google News RSS,https://news.google.com/rss/articles/CBMi6gFBVV95cUxNSkRLMFhYYk8zc1BwNmd1dXZzeXhMQTM5a2NLajE0UnBDZ0Vzd3RrUTBrZEJqT2FOajBldlI0WnZSLWxBUjhCZnBLTG1vWUpKYms1TjcwSno3alB5TjBKYjlqaHRzWlowcFRSNndBdlJLb25JSEtoMlh0Vmh2bElaSEFiNkZvNVZQWjZ0TTlxU2lfSkQzbnJBc2lkVFBZV2I5ZllNNlBnVzVGZUItUWNya3J1Q1M1ZERGWGZ0dkxqN1I1WG9lMm13eHJqeFhaMWd4NGY0SU9hN1FFd0IyWnpwN21EOUxuZUxKNGfSAe8BQVVfeXFMTWpnVmVBakNGNFU0NWJLcU5SVTFFdzNmTGRYWTlYc2EtcnNRX3psQllQZkdBWUdCWVZwc0FKblJhbGFzSTA3WWZIR01nenlTNXJMT2VzNTFMOWY3WGFoQ0Y1ZHVXREZvbWpLYW9kWUZueWFEbHVNMmdMeGFqOFFUaUNzN3NwYnpPWnlfWmx5QWQ1bF9lZUJmVGd4X25KZ3FvbkdiSHNfQnNvQW02OWRVZkw2dThaLWc5S2NRNDVMRDhnazZDdDRrTjRIYU9NTC1qNEdpNVB5Z1ZUSXJxWjBXT1k4WEdzZDVkSDRYREZ3bk0?oc=5,1.9,0.0,1.9
"Fri, 01 May 2026 18:33:03 GMT",Strait of Hormuz standoff puts Iran at critical breaking point as oil gets stuck - MSN,news.google.com,,Google News RSS,https://news.google.com/rss/articles/CBMi2AFBVV95cUxQeDlvNURBSl9zRE5RbmMxWC1QV0VkdWcta3lRZzNNYTZ0ZnhMNmNJWndZUGJaYTJxZTJyNXlyOFg5QVpjQl90dUhIQTBjMEVXNTNGWnhzemlMN1lOc0thM0EwUVJXZGg0OXBLWWZjZktWdkU0YVJUeVBLbVhWdVVQalJWakc2ZVZPbHZLNG1JaUtjenZUam9ES05pY1ZZU3dpWThwTGV0M2xFdHNSR1lTdFdpRkl5TU1ScThyYUhqMU9NUXBDRUN2NkhERXhaZ0lCbnI0eEZMLV8?oc=5,1.4,0.0,1.4
"Sat, 02 May 2026 05:12:38 GMT",Saturday papers: Oil tankers abandon the Strait of Hormuz to brave the Red Sea - Citywire,news.google.com,,Google News RSS,https://news.google.com/rss/articles/CBMiygFBVV95cUxONldhdjJrY2k5Vk5DTGItTWZYa294UGRCSnE1RlFrVFJ1Q3pQa0NCbkVtWWxvSkN5bTJUZXNRY2ZUVThJOFR5bEFyLXJfU3hxSXhaX0tBT1FTcjM4WHRFZ3hBVGVlc1RtN05qODFCX0NlT243VXZVY3JNbTN0QnVoa25uS2RjZ0V0YmJ4YWp0RWJNY0U2Smk4X19UVlgxVnpoTUtuUTBJRm9UeWNUeGJYWHJvMi15RU5Jc24tZWJMTFF4XzJsRldkNFpB?oc=5,0.4,0.0,0.4
"Wed, 29 Apr 2026 19:36:24 GMT",Trump warns Iran 'better get smart soon' as he weighs military options over Strait of Hormuz - NBC News,news.google.com,,Google News RSS,https://news.google.com/rss/articles/CBMisgFBVV95cUxOUDRSVk9BSFpwMk1MSWhrUVAzVXVyeDVZZlA5OU1FemtobHQ3RlJvbmxYakFuMXVQdGtEX2lKa01CblBtV3BfdFRfTmFiRmMxME1RX2NyZXNlRFFkTzBDLUplWHBrNU9jbGozWkNCdUVEZHdpLVpIVDJfbzV3ajZxMHNPX3hDZnlpdEkxM3RMVmF6X1kyUVRtOUxUdEFYODZwLXNQMlkxOHB0WnRoanNWUVNB?oc=5,1.2000000000000002,0.0,1.2000000000000002
"Fri, 01 May 2026 18:38:22 GMT",Trump comments hint at US-Iran tensions amid Strait of Hormuz blockade - Crypto Briefing,news.google.com,,Google News RSS,https://news.google.com/rss/articles/CBMinwFBVV95cUxNeTNpbE56dXp3LWtxb1JKNE1JWW9SMGoxcUNGaS1zWUFST1BsYlR6ZzJGcHhPT0g5cTMtWU5EZUt2ZDctWnp5WWZHUDZqTmQ0RVJnSWN1RWVMTU43TTUzbEJxOGFwODZEZUpKeHdxN2d3WmZNZ2pXclJ2SUpLbW5MLWhsbTViTXQzWjRzWFUwNTRQZm5CallyNVM2eFFpQmc?oc=5,1.7000000000000002,0.0,1.7000000000000002
"Fri, 01 May 2026 09:41:37 GMT","US Naval Blockade Hammers Iran Oil Exports, Forces Floating Storage - Marine News Magazine",news.google.com,,Google News RSS,https://news.google.com/rss/articles/CBMifkFVX3lxTE43WEVhYVNVM1J5WWszQ2R5eURrMlpLbUl6OVhpSzJNNnZUbG1zNDFKQ2tvSEx6N05aRVNpWG9BQUxTeF9mNG1zRnJRVGNoeGRIYjBKN2lCR3R0aHpNUWprRmdINWhrMDBucGhTenlWLUFxR095elppazJMU0p0d9IBgwFBVV95cUxPdGE5Ukh6LVRHX2U5ZVpxYjUtYXhVVGNpX01wUmhTcWcwcWVZdk0yS1Nwak1IWE91NkdtM2J4cDBsdG53amtKQ2ZvemctNWJObUJLbXBsbHVJOXRrck9ZTUJBQUtMNG1POHV3SW9iblZ5UkRzNVFwY0ItdUpVa2FrVElaZw?oc=5,1.3,0.0,1.3
"Fri, 01 May 2026 20:22:24 GMT","Trump Rues State of Iran Talks, Says Prefers Not to Strike - Yahoo Finance",news.google.com,,Google News RSS,https://news.google.com/rss/articles/CBMihgFBVV95cUxOUkc5QWFnUlhDSjB3bkxoX244SE5mZy10NnhLXzlUb0QwWmxpNzJtUzR1N2tvTVAyNFhjRlU3RG80TTRXX2JuUVpiMDVNNXJoX3N0RnhOMHFDR3otd3FfVEZ2UWtFVldjb3NXWXdKYmdFcGNSSDJ3RHh2b21kMWdtdnBLUnJwZw?oc=5,0.0,0.4,-0.4
"Fri, 01 May 2026 17:05:55 GMT",Muted shipping through Strait of Hormuz amid stalled US-Iran talks - Crypto Briefing,news.google.com,,Google News RSS,https://news.google.com/rss/articles/CBMimgFBVV95cUxOVTJucEF0eEZIY2prUWw1OF81ak9MQkxaeWczUlF5eWMwV1R6OUIydW1tUzYzSl94ckkwbmN1SWM1aWhkc09GZC1pVXN5VlZuYkV6NEk0b2IzRVh2dGpPTzR1ZjZ1c0NSZmcyd1hIWE50SGF0eEVxMFhhWThuMENPalRyRjJwNktnVlB3NHBWM0FybHNNVkFGaE93?oc=5,0.4,0.4,0.0
"Fri, 01 May 2026 13:22:00 GMT",Iran eyeing mine-carrying kamikaze dolphins to attack US warships in Strait of Hormuz - New York Post,news.google.com,,Google News RSS,https://news.google.com/rss/articles/CBMitgFBVV95cUxOcHBfMG9GNEdNWXpKSlM5TWc0YW9JV0lqM2F3VGNBYjdfQTdYZHJDYXFBaUpUcldWeWg3ZGpCSEFqMk5ycE05N0JVU2lnNzJxSkpJWEFrVGJUM1MwRzVSbHp0SzhBdEFkZW1kU3R6YlQ0aVlFdmY0OW4wQi1Ydlc5QW1fbVp2cEowT0lpWnNmcGNWdnNGVk5sVzhKNEplR3g4c25zcmJsSlQtMnBCTmhzN19WUlkxUQ?oc=5,2.2,0.0,2.2
"Sat, 02 May 2026 12:08:31 GMT","Iran offered to open the Strait of Hormuz and delay nuclear talks, Trump rejected the deal - mezha.net",news.google.com,,Google News RSS,https://news.google.com/rss/articles/CBMiY0FVX3lxTE03b3BScy1qaWxteFRVa3lSTGNzNG5BamowMVVOdW9lS0liaTdkN0gyZ2p3SHdRTmU3eTVVRXdnOFQ2RU4tc0FaVzB4R1hkWXV6OVZiV01Xa3N3ZDlQMFpTRERaSQ?oc=5,0.4,1.3,-0.9
"Sat, 02 May 2026 08:19:00 GMT",Iran War Energy Shock: How the Strait of Hormuz Oil Chokepoint Drives Global Inflation and Electrification - Intelligent Living,news.google.com,,Google News RSS,https://news.google.com/rss/articles/CBMieEFVX3lxTE9Ec05IemRmVENXWjVFSnBaUVdkSVZjMzJCUEJ2M01rZS1MeUUweGEwRlFxR0lzWERCRDRjNjNwMHJSUmVHSlVMWDlFSzlDMUtEUTMySUNINUZ3WkpMc1k5dENueTNRRTJwRVVpel9mNXViancxeXduOQ?oc=5,1.2000000000000002,0.0,1.2000000000000002
"Wed, 29 Apr 2026 19:00:21 GMT","Trump vows to maintain Iran blockade, Tehran threatens ‘practical’ action - Al Jazeera",news.google.com,,Google News RSS,https://news.google.com/rss/articles/CBMirwFBVV95cUxPUXd3NEJ2NGdSTFFQYjZ0b2w3OHAxUHRQWjhRVFFIWkc2RFNPeU1wWlRBT2hJUGZXQkpZenpCd1VfeXh5ZjJsSk9yMVRHT24xaExsREFDSjFaSGd2ZmJyN2ZhYzNwNmRBVTZxY29NeF95VHNfaVJwanZueGpISHBrMHN5NFJ1Wmp4c3dUQXJ1MFQ0VkRWV3ViZmZBRFJsNUtPaFJ4aXpubjI4a2hjRG1v0gG0AUFVX3lxTE9CcGxwUGxnRWpHWEZDb1VPRld0T1ljc1N1dFFtX1g2WXFNSTJ0ZHZLRVhudmNIXzRLR29FSHZiZHMwV0ZQNHM3YWtvaEtIYVF0cXAySUpRZUNTMXBBclBGbTJiYnh5QW8wQVZYc1IyWENNdU16SDhYVEZqb2hpQ3VGcHRFeXhSLTV1QmRSSm1vbzBETmFrWkdLNGhzenItYmJ2Y2pvYnBLNFE5aWktM1pnWjdCLQ?oc=5,1.3,0.0,1.3
"Fri, 01 May 2026 00:01:30 GMT",It's not just oil: Why Iran war also threatens Asia's food security - BBC,news.google.com,,Google News RSS,https://news.google.com/rss/articles/CBMiWkFVX3lxTE1BTE5VdUJhcWF3amtiZFpNMDFVMXNpTThGeDRuQlhxY0NWMS04YzZCbUFvVUZEVEd1dy1tLUNBanVWOVhuV1hLWHNLQmhmQXpjWHdMMmRoNVplZw?oc=5,0.8,0.0,0.8
"Fri, 01 May 2026 18:33:21 GMT",Seattle gas prices hit new record as analyst warns of $7 to $8 a gallon if Strait of Hormuz stays closed - MyNorthwest.com,news.google.com,,Google News RSS,https://news.google.com/rss/articles/CBMifkFVX3lxTE44VUFkTW83Y2FJZnVkWkZpVXQ1bU5sRXlPeFhlaG5PeXByaXVBWGstUGR0NzNleUt3d1dRcTNHWGxncENMNDNadFdteDhKdlNYMWNaallEZ3RObHFtd3BEOTFMTHhjMzJFb2ZReG5Jd3YzdHFSR1AtaVZBUEVxUQ?oc=5,2.4,0.0,2.4
"Thu, 30 Apr 2026 12:35:12 GMT","Hormuz crisis strangling global economy, Guterres warns, demanding solutions to end stalemate - UN News",news.google.com,,Google News RSS,https://news.google.com/rss/articles/CBMiV0FVX3lxTE1SemlScjl3VEtLb1FpcjA3Qkt3Y1dUM21zY2tCRkZGMm9GYVNGbVU4elZTTFJNWHNiMll3WmVHUXNUUjRhODBzRG1BR1QzQV9SelA0S2VJSQ?oc=5,0.8,0.0,0.8
"Fri, 01 May 2026 17:19:13 GMT","Strait of Hormuz Closure Nears 10-Week Mark, Keeping Fertilizer Markets Tight Worldwide - RFD-TV",news.google.com,,Google News RSS,https://news.google.com/rss/articles/CBMirAFBVV95cUxPcmJRNTJHMDhuSm5STU9UTTN4ODRIcFNRemhhYmRlZ0R3U055MDhna1ZVanF3Ul9oYkhjNTZmVVVwc2VDR1FYSlRRenduNWEyc09uQjJUdHVqRkpaa2pJNkJZUXhzMm4wSFR4RjJzQUljaUM2ejhxb1BnV3FwVzVQWmJEdWQzc2FVZ21Rd1NWeU1mYV9RdkxoVmFYWWVuVTJVb0V0ZU4wVkE2YjFq?oc=5,1.6,0.0,1.6
"Fri, 01 May 2026 16:39:34 GMT",Iran war and Hormuz blockade stoke global stagflation fears - MSN,news.google.com,,Google News RSS,https://news.google.com/rss/articles/CBMi5AFBVV95cUxOdnV0emFYbG5JeTFZc3UyWmRQckFpVGdxd3BhZ0g0cUgyMGFGelV3ZmRzTUFoTGZJd09WNlo2dDMwaGpraEt6bF9XdmF0T2xpeVNXdXhhN0FRaEg5T25TeWQzYlBzYktMall1Q3V2R2hrUENVenlEYlJPMDhJVHJWbzI1YWxWZWYwRXJjY191NnBVM0c0RVZjZ1dqM012dXVmVTh0Xzl2UzRvalI1NDB3LTZWSWd6dGZXVk1sa2JtUzZLbmNyMkNEZUgzYWs0OHBMSV9BSkZsOGp2MmRFdGRMOWNlc1k?oc=5,2.1,0.0,2.1
"Wed, 29 Apr 2026 16:23:43 GMT",'Endgame' For Iran's Oil Sector? How US Blockade May Impact Tehran's Calculus - Radio Free Europe/Radio Liberty,news.google.com,,Google News RSS,https://news.google.com/rss/articles/CBMieEFVX3lxTE9hNzZ1SlFGVEVnclVoU1QxOXBqRlFPSTJ5SEdGT2J2VjZJZGNtcE1HWWlwdkZGUDRIV1Q5bEhYYmtEeXpfSXI1UGZOU2gyWVBwanNUVl9HWWhfbUp3TkF3TzdGTXVoTUFFTDFtNkYxYTIxemlMZ193TNIBe0FVX3lxTE92OU93c2hmaGVnM2VJcTZSWEtsUE9BeFF2Zk9oY0N1c2dmWGxrYU94VUMxZGE5cWNaaXZhV3pYaUYtblE1Xy00RmZsZk9CTjhhNHkwYk5VbEhJLW1yM0UzcUIwdHhBRUFKYnIzS2xDRGZMTi1xaWhFa1l3NA?oc=5,1.3,0.0,1.3
"Fri, 01 May 2026 11:30:00 GMT",Iran Warns of $140 Oil as Trump Holds Hormuz Blockade - Crude Oil Prices Today | OilPrice.com,news.google.com,,Google News RSS,https://news.google.com/rss/articles/CBMirAFBVV95cUxQclIwaWg3eGg5bE81ckw0T3VtME5oWWF4RDNoc0VSMkRfNXVCOXQta28tRFV3bGFGUktjVzZ4bmlfNmNjNHR5SUxZMGZCTzVXN1BXTlBUaF9famc1WVJPWEpEMk5lVHo5aUZzcTVlYnhzYnU1RjFWZ3BBYUhlcW1pQ2lJR0lCUzhaUTV5eThSVkh6YWVaeEVMYUkxR2dGM3dRbEpKWDNjaV9EbXNJ0gGyAUFVX3lxTE43NC1zaVh6RFJFSlJYSWVXYW5jc00zWmR3MVdMVFF6dlhqbTk4a2pWVDVNaFN6M0J1WDRxb1c0ajY4QlBvVTU4aTk2eHNTbzFRQy1zZ19ZdlNiQnBNT1dnVVpZTHhoLVNkZ0p4cTh1bVdieDNNWFpTcmdFWEhCbDg1c0N5TmlTalN4ejQ0RFQ4b3kzSjFzMWhjaUo4azNNVjJYSl80WEFKY2g4T08tYkg3VVE?oc=5,2.1,0.0,2.1
"Sat, 02 May 2026 10:03:24 GMT",US warns shipping firms they could face sanctions over paying Iranian tolls in the Strait of Hormuz - MSN,news.google.com,,Google News RSS,https://news.google.com/rss/articles/CBMi6AFBVV95cUxQNHhJUURZZE1qZ01FRWVYeDQtTWJSU0NxRVlnZGxoWnN4dUNJSXpNbDlhdHFOTE1RcmRKaG50NWhGamhsYzBGa29UUEcwdmFSZVJEaW5PZzdjcVVDT3lDRWhCZG8wOFpqOTVmM180b2FXTG9iQUlJUU9SeGpDSVhIdmpCUG16cWM4Ujdidnctak12OG94QlEwNzdrM1Fsc0xmSHNScDZ6RlE2N292MlUwOHVKNDhsdjdVVi1kLWRUeG02bmR4ZW5NLVByNTVSelJOeWd2Nlo2UlpuSGhIdU44Z05PWFpMdVJa?oc=5,1.9,0.0,1.9
